created_utc,open,high,low,close,volume,movement,positive_percent,negative_percent,litigious_percent,superfluous_percent,constraining_percent,uncertainty_percent,lead_movement
2021-03-08T15:00:00Z,596.74,612.86,590.01,603.58,152202,1,0.31619786614936957,0.3952473326867119,0.04510184287099903,0.01842870999030068,0.0019398642095053346,0.22308438409311349,0
2021-03-08T16:00:00Z,603.39,606.26,579.5,581.47,98900,0,0.3194029850746269,0.4417910447761194,0.03283582089552239,0.014925373134328358,0,0.191044776119403,1
2021-03-08T17:00:00Z,581.01,594.43,580,583.91,102634,1,0.2730496453900709,0.4148936170212766,0.05319148936170213,0.010638297872340425,0.0035460992907801418,0.24468085106382978,0
2021-03-08T18:00:00Z,583.68,587.31,568.3,570.05,87109,0,0.2647058823529412,0.45,0.04411764705882353,0.023529411764705882,0.0029411764705882353,0.21470588235294116,1
2021-03-08T19:00:00Z,569.76,579.98,565.1,572.87,110954,1,0.29603729603729606,0.45454545454545453,0.02097902097902098,0.009324009324009324,0.002331002331002331,0.21678321678321677,0
2021-03-08T20:00:00Z,572.6,572.6,559,563,165943,0,0.28743961352657005,0.46618357487922707,0.026570048309178744,0.007246376811594203,0,0.21256038647342995,1
2021-03-09T15:00:00Z,613.165,634.61,608.52,630,235442,1,0.3500753390256153,0.3847312908086389,0.03691612255148167,0.013561024610748368,0.0017579105976896032,0.21295831240582622,1
2021-03-09T16:00:00Z,630.91,647.99,628.24,641.825,186982,1,0.38424821002386633,0.35799522673031026,0.03579952267303103,0.014319809069212411,0,0.20763723150357996,1
2021-03-09T17:00:00Z,642,654.64,640.15,653.99,127540,1,0.44130127298444133,0.3649222065063649,0.018387553041018388,0.009900990099009901,0.002828854314002829,0.16265912305516267,1
2021-03-09T18:00:00Z,653.98,678.08,653.98,674.15,323557,1,0.3745247148288973,0.38783269961977185,0.03612167300380228,0.015209125475285171,0.0019011406844106464,0.1844106463878327,0
2021-03-09T19:00:00Z,674.49,675.99,657.675,666.075,191898,0,0.3568181818181818,0.36363636363636365,0.031818181818181815,0.013636363636363636,0.0022727272727272726,0.2318181818181818,1
2021-03-09T20:00:00Z,665.82,675.165,663.62,673.31,226731,1,0.3683274021352313,0.37722419928825623,0.07473309608540925,0.008896797153024912,0.0017793594306049821,0.16903914590747332,0
2021-03-10T15:00:00Z,703.21,704.41,670,685.93,186554,0,0.3722206972275597,0.3705737029920395,0.03486137798517705,0.01564644523744167,0.0016469942355201758,0.20505078232226187,0
2021-03-10T16:00:00Z,685.83,692.99,675.26,681.96,104038,0,0.3398876404494382,0.39325842696629215,0.03932584269662921,0.025280898876404494,0.008426966292134831,0.19382022471910113,0
2021-03-10T17:00:00Z,682.61,683.32,656.4,674.44,83891,0,0.32432432432432434,0.3552123552123552,0.02702702702702703,0.019305019305019305,0,0.27413127413127414,0
2021-03-10T18:00:00Z,674.505,674.74,658.19,662.18,101604,0,0.3601694915254237,0.4110169491525424,0.0211864406779661,0.025423728813559324,0.00847457627118644,0.17372881355932204,1
2021-03-10T19:00:00Z,662.1,682.66,660,681.44,100536,1,0.3119266055045872,0.3577981651376147,0.05045871559633028,0.027522935779816515,0.009174311926605505,0.24311926605504589,0
2021-03-10T20:00:00Z,681.61,683.82,664.99,668.01,90128,0,0.3443396226415094,0.3632075471698113,0.06132075471698113,0.0047169811320754715,0,0.22641509433962265,0
2021-03-11T15:00:00Z,690.62,693.76,677.22,686.61,159195,0,0.35935397039030953,0.36787797218483625,0.04979811574697174,0.013458950201884253,0.001794526693584567,0.20771646478241365,1
2021-03-11T16:00:00Z,687.06,697.2,687.06,688.59,147822,1,0.3056768558951965,0.4192139737991266,0.021834061135371178,0.017467248908296942,0.004366812227074236,0.2314410480349345,1
2021-03-11T17:00:00Z,688.6,693.21,685.595,690.02,86710,1,0.35467980295566504,0.37438423645320196,0.024630541871921183,0.029556650246305417,0,0.21674876847290642,1
2021-03-11T18:00:00Z,689.945,699.33,688.89,691.42,126309,1,0.287292817679558,0.43646408839779005,0.049723756906077346,0.022099447513812154,0,0.20441988950276244,0
2021-03-11T19:00:00Z,691.73,695.54,690.16,691.67,92573,0,0.3236363636363636,0.5018181818181818,0.01818181818181818,0.0036363636363636364,0,0.15272727272727274,1
2021-03-11T20:00:00Z,691.63,702.41,690,699.6,153000,1,0.38028169014084506,0.38967136150234744,0.03286384976525822,0.004694835680751174,0,0.19248826291079812,0
2021-03-12T15:00:00Z,682.51,683.98,671.72,676.85,145432,0,0.33244916003536695,0.3775419982316534,0.04376657824933687,0.014588859416445624,0.0022104332449160036,0.22944297082228116,1
2021-03-12T16:00:00Z,676.95,689.67,673.74,687.81,118712,1,0.18386491557223264,0.4971857410881801,0.1951219512195122,0.005628517823639775,0.001876172607879925,0.11632270168855535,0
2021-03-12T17:00:00Z,687.68,694.83,683.32,687.65,145344,0,0.1927437641723356,0.46938775510204084,0.20408163265306123,0.018140589569160998,0.0045351473922902496,0.1111111111111111,0
2021-03-12T18:00:00Z,687.68,690.45,684.27,684.81,64519,0,0.28346456692913385,0.41732283464566927,0.12598425196850394,0.015748031496062992,0.003937007874015748,0.15354330708661418,1
2021-03-12T19:00:00Z,684.83,691.19,681.31,689.385,90339,1,0.3350253807106599,0.39086294416243655,0.10152284263959391,0.025380710659898477,0,0.14720812182741116,1
2021-03-12T20:00:00Z,689.64,694.78,684.19,694.05,126994,1,0.32550335570469796,0.33221476510067116,0.19798657718120805,0.016778523489932886,0,0.12751677852348994,1
2021-03-15T14:00:00Z,699.34,713.17,698.52,705.53,183046,1,0.3369546171368495,0.36043455405642194,0.07534606623444892,0.015945330296127564,0.0021026809181706675,0.20921675135798143,0
2021-03-15T15:00:00Z,705.21,706,692.24,700.08,117987,0,0.3778801843317972,0.30414746543778803,0.08755760368663594,0.018433179723502304,0.004608294930875576,0.2073732718894009,1
2021-03-15T16:00:00Z,699.71,707.61,699.71,704.305,71356,1,0.39204545454545453,0.3181818181818182,0.045454545454545456,0,0,0.24431818181818182,1
2021-03-15T17:00:00Z,704.695,706.28,700.04,705.02,62602,1,0.3756345177664975,0.3248730964467005,0.050761421319796954,0.025380710659898477,0.005076142131979695,0.2182741116751269,1
2021-03-15T18:00:00Z,704.77,709.84,702.53,708.82,64122,1,0.5502008032128514,0.24497991967871485,0.040160642570281124,0.01606425702811245,0,0.14859437751004015,0
2021-03-15T19:00:00Z,708.81,709.04,702.58,707.41,96895,0,0.4528301886792453,0.3710691823899371,0.012578616352201259,0.018867924528301886,0.006289308176100629,0.13836477987421383,1
2021-03-16T14:00:00Z,699.17,707.71,695.45,702.975,128170,1,0.4022289766970618,0.3596757852077001,0.03900709219858156,0.012664640324214792,0.002026342451874367,0.18439716312056736,0
2021-03-16T15:00:00Z,702.77,704.59,700.27,701.16,63119,0,0.49280575539568344,0.2697841726618705,0.007194244604316547,0.02158273381294964,0,0.20863309352517986,0
2021-03-16T16:00:00Z,701.25,701.25,690.725,695.73,106291,0,0.5972696245733788,0.2150170648464164,0.020477815699658702,0.023890784982935155,0,0.14334470989761092,0
2021-03-16T17:00:00Z,695.37,698.74,689.22,690.61,68265,0,0.2814070351758794,0.40703517587939697,0.07035175879396985,0.01507537688442211,0.005025125628140704,0.22110552763819097,0
2021-03-16T18:00:00Z,690.35,692.48,671.09,677.74,173109,0,0.2765957446808511,0.4787234042553192,0.015957446808510637,0.005319148936170213,0,0.22340425531914893,0
2021-03-16T19:00:00Z,677.77,682.59,674.53,676.405,125001,0,0.4176470588235294,0.3176470588235294,0.06470588235294118,0,0,0.2,1
2021-03-17T14:00:00Z,671.2,683.79,668.51,673.995,162335,1,0.39154160982264663,0.3879035925420646,0.0286493860845839,0.017735334242837655,0.0050022737608003635,0.16916780354706684,0
2021-03-17T15:00:00Z,673.58,678.67,666.4,667.425,81016,0,0.3568075117370892,0.4413145539906103,0.03755868544600939,0.009389671361502348,0.004694835680751174,0.15023474178403756,1
2021-03-17T16:00:00Z,667.23,672.71,663.19,668.92,86804,1,0.3767441860465116,0.3674418604651163,0.04186046511627907,0.013953488372093023,0.004651162790697674,0.19534883720930232,1
2021-03-17T17:00:00Z,668.47,676.91,667.29,671.64,62104,1,0.38372093023255816,0.38372093023255816,0.023255813953488372,0.01744186046511628,0,0.19186046511627908,1
2021-03-17T18:00:00Z,671.62,696.29,671.62,695.585,240998,1,0.37073170731707317,0.34146341463414637,0.024390243902439025,0.014634146341463415,0,0.24878048780487805,1
2021-03-17T19:00:00Z,695.66,703.53,694.16,701.73,193254,1,0.4375,0.36363636363636365,0.03409090909090909,0.03409090909090909,0.011363636363636364,0.11931818181818182,NA
