"","symbol","timestamp","open","high","low","close","adjusted_close","volume","dividend_amount","split_coefficient","stock_change"
"1","GME",2021-03-08,154.89,210.8699,146.1,194.5,194.5,63565620,0,1,"Up"
"2","GME",2021-03-09,217.71,249.85,208.5101,246.9,246.9,39099331,0,1,"Up"
"3","GME",2021-03-10,269.43,348.5,172,265,265,71570566,0,1,"Down"
"4","GME",2021-03-11,241.64,281.5,232.6,260,260,28312493,0,1,"Up"
"5","GME",2021-03-12,274.9965,295.5,262.27,264.5,264.5,25845899,0,1,"Down"
"6","GME",2021-03-15,277.52,283,206,220.14,220.14,24226187,0,1,"Down"
"7","GME",2021-03-16,203.16,220.7,172.35,208.17,208.17,35422867,0,1,"Up"
"8","GME",2021-03-17,217.84,231.47,204,209.81,209.81,16481589,0,1,"Down"
"9","GME",2021-03-18,214,218.88,195.65,201.75,201.75,11799914,0,1,"Down"
"10","GME",2021-03-19,195.73,227,182.66,200.27,200.27,24677297,0,1,"Up"
"11","AMC",2021-03-08,8.53,9.48,8.31,9.29,9.29,114343829,0,1,"Up"
"12","AMC",2021-03-09,9.38,10.77,9.22,10.5,10.5,150415641,0,1,"Up"
"13","AMC",2021-03-10,11.02,12.47,9.51,9.85,9.85,261918591,0,1,"Down"
"14","AMC",2021-03-11,10.65,10.87,9.9,10.28,10.28,83933589,0,1,"Down"
"15","AMC",2021-03-12,10.16,11.4,9.94,11.16,11.16,111146694,0,1,"Up"
"16","AMC",2021-03-15,12.18,14.49,11.85,14.04,14.04,278969151,0,1,"Up"
"17","AMC",2021-03-16,13.62,13.62,12.34,13.02,13.02,125967622,0,1,"Down"
"18","AMC",2021-03-17,13.24,13.66,13,13.56,13.56,78053640,0,1,"Up"
"19","AMC",2021-03-18,14.34,14.54,13.57,14,14,122212275,0,1,"Down"
"20","AMC",2021-03-19,14.14,14.18,13.28,13.93,13.93,153205985,0,1,"Down"
"21","PLTR",2021-03-08,23.77,24.58,22.4,22.52,22.52,94432814,0,1,"Down"
"22","PLTR",2021-03-09,23.38,24.74,23.1,24.26,24.26,99586460,0,1,"Up"
"23","PLTR",2021-03-10,25.03,26.24,24.27,24.75,24.75,103212792,0,1,"Down"
"24","PLTR",2021-03-11,25.95,26.84,25.58,26.73,26.73,84788705,0,1,"Up"
"25","PLTR",2021-03-12,25.74,26.92,25.18,26.92,26.92,58721863,0,1,"Up"
"26","PLTR",2021-03-15,27.35,27.47,26.31,26.79,26.79,56548963,0,1,"Down"
"27","PLTR",2021-03-16,26.75,27.1,25.23,25.61,25.61,73615140,0,1,"Down"
"28","PLTR",2021-03-17,24.52,25.73,24.3,25.21,25.21,77081743,0,1,"Up"
"29","PLTR",2021-03-18,24.73,25.18,23.78,23.98,23.98,57523321,0,1,"Down"
"30","PLTR",2021-03-19,24.01,24.57,23.39,24.32,24.32,57915872,0,1,"Up"
"31","BB",2021-03-08,9.39,10.02,9.1899,9.75,9.75,16479483,0,1,"Up"
"32","BB",2021-03-09,10.19,10.68,10.03,10.45,10.45,21437815,0,1,"Up"
"33","BB",2021-03-10,11.01,11.01,10.15,10.34,10.34,23939106,0,1,"Down"
"34","BB",2021-03-11,10.55,10.795,10.3311,10.7,10.7,12306189,0,1,"Up"
"35","BB",2021-03-12,10.47,11.93,10.36,11.85,11.85,25863154,0,1,"Up"
"36","BB",2021-03-15,12.09,12.515,11.55,11.68,11.68,25404928,0,1,"Down"
"37","BB",2021-03-16,11.87,12.2,11.2683,11.46,11.46,19812371,0,1,"Down"
"38","BB",2021-03-17,11.33,11.66,11.15,11.6,11.6,9710506,0,1,"Up"
"39","BB",2021-03-18,11.39,11.47,10.66,10.76,10.76,11438040,0,1,"Down"
"40","BB",2021-03-19,10.83,11.17,10.69,10.95,10.95,10519101,0,1,"Up"
"41","TSLA",2021-03-08,600.55,620.125,558.79,563,563,51786958,0,1,"Down"
"42","TSLA",2021-03-09,608.18,678.09,595.21,673.58,673.58,67523328,0,1,"Up"
"43","TSLA",2021-03-10,700.3,717.85,655.06,668.06,668.06,60605672,0,1,"Down"
"44","TSLA",2021-03-11,699.4,702.5,677.18,699.6,699.6,36253892,0,1,"Up"
"45","TSLA",2021-03-12,670,694.88,666.1394,693.73,693.73,33583840,0,1,"Up"
"46","TSLA",2021-03-15,694.09,713.18,684.04,707.94,707.94,29423479,0,1,"Up"
"47","TSLA",2021-03-16,703.35,707.92,671,676.88,676.88,32195672,0,1,"Down"
"48","TSLA",2021-03-17,656.87,703.73,651.01,701.81,701.81,40372453,0,1,"Up"
"49","TSLA",2021-03-18,684.29,689.23,652,653.16,653.16,33369022,0,1,"Down"
"50","TSLA",2021-03-19,646.6,657.23,624.6201,654.87,654.87,42893978,0,1,"Up"
"51","AAPL",2021-03-08,120.93,121,116.21,116.36,116.36,154376610,0,1,"Down"
"52","AAPL",2021-03-09,119.03,122.06,118.79,121.085,121.085,129525780,0,1,"Up"
"53","AAPL",2021-03-10,121.69,122.17,119.45,119.98,119.98,111943326,0,1,"Down"
"54","AAPL",2021-03-11,122.54,123.21,121.26,121.96,121.96,103026514,0,1,"Down"
"55","AAPL",2021-03-12,120.4,121.17,119.16,121.03,121.03,88105050,0,1,"Up"
"56","AAPL",2021-03-15,121.41,124,120.42,123.99,123.99,92590555,0,1,"Up"
"57","AAPL",2021-03-16,125.7,127.22,124.715,125.57,125.57,115227936,0,1,"Down"
"58","AAPL",2021-03-17,124.05,125.8599,122.336,124.76,124.76,111932636,0,1,"Up"
"59","AAPL",2021-03-18,122.88,123.18,120.32,120.53,120.53,121469755,0,1,"Down"
"60","AAPL",2021-03-19,119.9,121.43,119.675,119.99,119.99,185549522,0,1,"Up"
