"positive","negative","litigious","superfluous","constraining","uncertainty","positive_percent","negative_percent","litigious_percent","superfluous_percent","constraining_percent","uncertainty_percent","timestamp_etc"
2,3,0,0,0,2,0.285714285714286,0.428571428571429,0,0,0,0.285714285714286,2021-03-08 01:00:00
7,7,0,0,0,3,0.411764705882353,0.411764705882353,0,0,0,0.176470588235294,2021-03-08 02:00:00
17,8,1,1,1,4,0.53125,0.25,0.03125,0.03125,0.03125,0.125,2021-03-08 03:00:00
18,13,1,2,0,7,0.439024390243902,0.317073170731707,0.024390243902439,0.0487804878048781,0,0.170731707317073,2021-03-08 04:00:00
0,1,0,0,0,0,0,1,0,0,0,0,2021-03-08 05:00:00
27,22,1,1,0,20,0.380281690140845,0.309859154929577,0.0140845070422535,0.0140845070422535,0,0.28169014084507,2021-03-08 16:00:00
20,24,1,3,0,12,0.333333333333333,0.4,0.0166666666666667,0.05,0,0.2,2021-03-08 17:00:00
25,32,3,2,1,17,0.3125,0.4,0.0375,0.025,0.0125,0.2125,2021-03-08 18:00:00
27,31,0,0,0,17,0.36,0.413333333333333,0,0,0,0.226666666666667,2021-03-08 19:00:00
33,22,1,0,0,14,0.471428571428571,0.314285714285714,0.0142857142857143,0,0,0.2,2021-03-08 20:00:00
10,11,0,4,0,10,0.285714285714286,0.314285714285714,0,0.114285714285714,0,0.285714285714286,2021-03-08 21:00:00
16,15,1,0,0,3,0.457142857142857,0.428571428571429,0.0285714285714286,0,0,0.0857142857142857,2021-03-08 22:00:00
12,12,2,3,0,10,0.307692307692308,0.307692307692308,0.0512820512820513,0.0769230769230769,0,0.256410256410256,2021-03-08 23:00:00
12,15,1,1,0,11,0.3,0.375,0.025,0.025,0,0.275,2021-03-09 00:00:00
13,11,1,0,0,14,0.333333333333333,0.282051282051282,0.0256410256410256,0,0,0.358974358974359,2021-03-09 01:00:00
6,10,3,1,0,3,0.260869565217391,0.434782608695652,0.130434782608696,0.0434782608695652,0,0.130434782608696,2021-03-09 02:00:00
40,54,4,0,0,38,0.294117647058824,0.397058823529412,0.0294117647058824,0,0,0.279411764705882,2021-03-09 03:00:00
18,23,2,0,0,12,0.327272727272727,0.418181818181818,0.0363636363636364,0,0,0.218181818181818,2021-03-09 04:00:00
28,31,4,2,0,17,0.341463414634146,0.378048780487805,0.0487804878048781,0.024390243902439,0,0.207317073170732,2021-03-09 05:00:00
14,14,0,0,0,12,0.35,0.35,0,0,0,0.3,2021-03-09 06:00:00
3,10,0,0,0,3,0.1875,0.625,0,0,0,0.1875,2021-03-09 07:00:00
8,2,0,0,0,4,0.571428571428571,0.142857142857143,0,0,0,0.285714285714286,2021-03-09 08:00:00
9,9,1,1,0,10,0.3,0.3,0.0333333333333333,0.0333333333333333,0,0.333333333333333,2021-03-09 09:00:00
14,9,0,1,0,4,0.5,0.321428571428571,0,0.0357142857142857,0,0.142857142857143,2021-03-09 10:00:00
10,18,0,0,0,6,0.294117647058824,0.529411764705882,0,0,0,0.176470588235294,2021-03-09 11:00:00
11,12,0,1,0,3,0.407407407407407,0.444444444444444,0,0.037037037037037,0,0.111111111111111,2021-03-09 12:00:00
19,24,8,6,6,13,0.25,0.315789473684211,0.105263157894737,0.0789473684210526,0.0789473684210526,0.171052631578947,2021-03-09 13:00:00
40,38,2,2,1,23,0.377358490566038,0.358490566037736,0.0188679245283019,0.0188679245283019,0.00943396226415094,0.216981132075472,2021-03-09 14:00:00
30,27,4,1,0,9,0.422535211267606,0.380281690140845,0.0563380281690141,0.0140845070422535,0,0.126760563380282,2021-03-09 15:00:00
57,44,4,2,1,18,0.452380952380952,0.349206349206349,0.0317460317460317,0.0158730158730159,0.00793650793650794,0.142857142857143,2021-03-09 16:00:00
43,54,3,1,1,22,0.346774193548387,0.435483870967742,0.0241935483870968,0.00806451612903226,0.00806451612903226,0.17741935483871,2021-03-09 17:00:00
87,68,4,4,0,30,0.450777202072539,0.352331606217617,0.0207253886010363,0.0207253886010363,0,0.155440414507772,2021-03-09 18:00:00
24,18,0,1,0,14,0.421052631578947,0.315789473684211,0,0.0175438596491228,0,0.245614035087719,2021-03-09 19:00:00
26,30,0,1,0,5,0.419354838709677,0.483870967741935,0,0.0161290322580645,0,0.0806451612903226,2021-03-09 20:00:00
26,30,1,2,1,20,0.325,0.375,0.0125,0.025,0.0125,0.25,2021-03-09 21:00:00
73,52,3,2,1,34,0.442424242424242,0.315151515151515,0.0181818181818182,0.0121212121212121,0.00606060606060606,0.206060606060606,2021-03-09 22:00:00
70,57,6,1,1,38,0.404624277456647,0.329479768786127,0.0346820809248555,0.00578034682080925,0.00578034682080925,0.219653179190751,2021-03-09 23:00:00
42,36,5,1,0,18,0.411764705882353,0.352941176470588,0.0490196078431373,0.00980392156862745,0,0.176470588235294,2021-03-10 00:00:00
33,31,3,3,0,19,0.370786516853933,0.348314606741573,0.0337078651685393,0.0337078651685393,0,0.213483146067416,2021-03-10 01:00:00
39,47,2,1,1,23,0.345132743362832,0.415929203539823,0.0176991150442478,0.00884955752212389,0.00884955752212389,0.20353982300885,2021-03-10 02:00:00
31,45,0,5,0,36,0.264957264957265,0.384615384615385,0,0.0427350427350427,0,0.307692307692308,2021-03-10 03:00:00
22,20,0,0,0,18,0.366666666666667,0.333333333333333,0,0,0,0.3,2021-03-10 04:00:00
14,12,0,2,0,11,0.358974358974359,0.307692307692308,0,0.0512820512820513,0,0.282051282051282,2021-03-10 05:00:00
34,27,1,2,0,17,0.419753086419753,0.333333333333333,0.0123456790123457,0.0246913580246914,0,0.209876543209877,2021-03-10 06:00:00
12,10,0,0,0,6,0.428571428571429,0.357142857142857,0,0,0,0.214285714285714,2021-03-10 07:00:00
16,17,2,0,0,6,0.390243902439024,0.414634146341463,0.0487804878048781,0,0,0.146341463414634,2021-03-10 08:00:00
6,8,0,0,0,1,0.4,0.533333333333333,0,0,0,0.0666666666666667,2021-03-10 09:00:00
20,6,0,0,0,2,0.714285714285714,0.214285714285714,0,0,0,0.0714285714285714,2021-03-10 10:00:00
12,7,2,0,0,7,0.428571428571429,0.25,0.0714285714285714,0,0,0.25,2021-03-10 11:00:00
14,17,1,0,1,9,0.333333333333333,0.404761904761905,0.0238095238095238,0,0.0238095238095238,0.214285714285714,2021-03-10 12:00:00
45,20,0,1,0,16,0.548780487804878,0.24390243902439,0,0.0121951219512195,0,0.195121951219512,2021-03-10 13:00:00
19,34,4,0,0,22,0.240506329113924,0.430379746835443,0.0506329113924051,0,0,0.278481012658228,2021-03-10 14:00:00
86,47,3,7,0,31,0.494252873563218,0.270114942528736,0.0172413793103448,0.0402298850574713,0,0.17816091954023,2021-03-10 15:00:00
116,102,5,4,0,46,0.424908424908425,0.373626373626374,0.0183150183150183,0.0146520146520147,0,0.168498168498169,2021-03-10 16:00:00
35,52,2,2,0,22,0.309734513274336,0.460176991150442,0.0176991150442478,0.0176991150442478,0,0.194690265486726,2021-03-10 17:00:00
122,337,2,2,1,64,0.231060606060606,0.638257575757576,0.00378787878787879,0.00378787878787879,0.00189393939393939,0.121212121212121,2021-03-10 18:00:00
52,120,2,2,0,50,0.230088495575221,0.530973451327434,0.00884955752212389,0.00884955752212389,0,0.221238938053097,2021-03-10 19:00:00
47,64,3,4,1,27,0.321917808219178,0.438356164383562,0.0205479452054795,0.0273972602739726,0.00684931506849315,0.184931506849315,2021-03-10 20:00:00
57,90,6,7,0,32,0.296875,0.46875,0.03125,0.0364583333333333,0,0.166666666666667,2021-03-10 21:00:00
38,103,8,1,0,49,0.190954773869347,0.517587939698492,0.0402010050251256,0.0050251256281407,0,0.246231155778894,2021-03-10 22:00:00
43,85,6,5,1,31,0.251461988304094,0.497076023391813,0.0350877192982456,0.0292397660818713,0.00584795321637427,0.181286549707602,2021-03-10 23:00:00
50,98,9,2,0,37,0.255102040816327,0.5,0.0459183673469388,0.0102040816326531,0,0.188775510204082,2021-03-11 00:00:00
66,63,1,2,0,28,0.4125,0.39375,0.00625,0.0125,0,0.175,2021-03-11 01:00:00
27,53,1,3,0,23,0.252336448598131,0.495327102803738,0.00934579439252336,0.0280373831775701,0,0.214953271028037,2021-03-11 02:00:00
29,40,4,2,0,16,0.318681318681319,0.43956043956044,0.043956043956044,0.021978021978022,0,0.175824175824176,2021-03-11 03:00:00
6,28,0,0,0,18,0.115384615384615,0.538461538461538,0,0,0,0.346153846153846,2021-03-11 04:00:00
17,21,1,4,0,12,0.309090909090909,0.381818181818182,0.0181818181818182,0.0727272727272727,0,0.218181818181818,2021-03-11 05:00:00
30,37,1,1,0,15,0.357142857142857,0.44047619047619,0.0119047619047619,0.0119047619047619,0,0.178571428571429,2021-03-11 06:00:00
14,10,1,0,0,10,0.4,0.285714285714286,0.0285714285714286,0,0,0.285714285714286,2021-03-11 07:00:00
8,6,0,0,0,1,0.533333333333333,0.4,0,0,0,0.0666666666666667,2021-03-11 08:00:00
6,13,0,0,0,8,0.222222222222222,0.481481481481481,0,0,0,0.296296296296296,2021-03-11 09:00:00
9,2,0,0,0,6,0.529411764705882,0.117647058823529,0,0,0,0.352941176470588,2021-03-11 10:00:00
9,14,4,0,0,11,0.236842105263158,0.368421052631579,0.105263157894737,0,0,0.289473684210526,2021-03-11 11:00:00
15,17,4,1,0,12,0.306122448979592,0.346938775510204,0.0816326530612245,0.0204081632653061,0,0.244897959183673,2021-03-11 12:00:00
6,23,1,1,0,8,0.153846153846154,0.58974358974359,0.0256410256410256,0.0256410256410256,0,0.205128205128205,2021-03-11 13:00:00
32,30,1,0,0,31,0.340425531914894,0.319148936170213,0.0106382978723404,0,0,0.329787234042553,2021-03-11 14:00:00
33,25,2,0,0,16,0.434210526315789,0.328947368421053,0.0263157894736842,0,0,0.210526315789474,2021-03-11 15:00:00
27,19,0,1,0,11,0.46551724137931,0.327586206896552,0,0.0172413793103448,0,0.189655172413793,2021-03-11 16:00:00
13,17,7,0,0,7,0.295454545454545,0.386363636363636,0.159090909090909,0,0,0.159090909090909,2021-03-11 17:00:00
14,21,3,2,0,8,0.291666666666667,0.4375,0.0625,0.0416666666666667,0,0.166666666666667,2021-03-11 18:00:00
13,30,3,0,0,15,0.213114754098361,0.491803278688525,0.0491803278688525,0,0,0.245901639344262,2021-03-11 19:00:00
15,21,5,3,0,1,0.333333333333333,0.466666666666667,0.111111111111111,0.0666666666666667,0,0.0222222222222222,2021-03-11 20:00:00
30,18,1,0,0,6,0.545454545454545,0.327272727272727,0.0181818181818182,0,0,0.109090909090909,2021-03-11 21:00:00
14,12,0,0,0,8,0.411764705882353,0.352941176470588,0,0,0,0.235294117647059,2021-03-11 22:00:00
25,34,3,1,1,11,0.333333333333333,0.453333333333333,0.04,0.0133333333333333,0.0133333333333333,0.146666666666667,2021-03-11 23:00:00
12,18,0,0,0,16,0.260869565217391,0.391304347826087,0,0,0,0.347826086956522,2021-03-12 00:00:00
11,14,1,2,0,3,0.354838709677419,0.451612903225806,0.032258064516129,0.0645161290322581,0,0.0967741935483871,2021-03-12 01:00:00
7,13,0,0,0,7,0.259259259259259,0.481481481481481,0,0,0,0.259259259259259,2021-03-12 02:00:00
18,10,0,0,0,9,0.486486486486487,0.27027027027027,0,0,0,0.243243243243243,2021-03-12 03:00:00
9,9,0,0,0,1,0.473684210526316,0.473684210526316,0,0,0,0.0526315789473684,2021-03-12 04:00:00
18,22,2,1,0,20,0.285714285714286,0.349206349206349,0.0317460317460317,0.0158730158730159,0,0.317460317460317,2021-03-12 05:00:00
5,6,0,0,0,8,0.263157894736842,0.315789473684211,0,0,0,0.421052631578947,2021-03-12 06:00:00
3,4,0,0,0,4,0.272727272727273,0.363636363636364,0,0,0,0.363636363636364,2021-03-12 07:00:00
12,5,1,1,0,9,0.428571428571429,0.178571428571429,0.0357142857142857,0.0357142857142857,0,0.321428571428571,2021-03-12 08:00:00
7,16,1,0,1,11,0.194444444444444,0.444444444444444,0.0277777777777778,0,0.0277777777777778,0.305555555555556,2021-03-12 09:00:00
11,20,2,2,1,15,0.215686274509804,0.392156862745098,0.0392156862745098,0.0392156862745098,0.0196078431372549,0.294117647058824,2021-03-12 10:00:00
3,4,1,1,1,3,0.230769230769231,0.307692307692308,0.0769230769230769,0.0769230769230769,0.0769230769230769,0.230769230769231,2021-03-12 11:00:00
6,20,2,0,0,6,0.176470588235294,0.588235294117647,0.0588235294117647,0,0,0.176470588235294,2021-03-12 12:00:00
30,62,20,7,2,42,0.184049079754601,0.380368098159509,0.122699386503067,0.0429447852760736,0.0122699386503067,0.257668711656442,2021-03-12 13:00:00
19,10,1,3,0,10,0.441860465116279,0.232558139534884,0.0232558139534884,0.0697674418604651,0,0.232558139534884,2021-03-12 14:00:00
17,14,6,2,2,15,0.303571428571429,0.25,0.107142857142857,0.0357142857142857,0.0357142857142857,0.267857142857143,2021-03-12 15:00:00
40,45,3,7,0,27,0.327868852459016,0.368852459016393,0.0245901639344262,0.0573770491803279,0,0.221311475409836,2021-03-12 16:00:00
30,29,0,2,0,11,0.416666666666667,0.402777777777778,0,0.0277777777777778,0,0.152777777777778,2021-03-12 17:00:00
25,25,1,1,0,10,0.403225806451613,0.403225806451613,0.0161290322580645,0.0161290322580645,0,0.161290322580645,2021-03-12 18:00:00
26,28,2,2,1,22,0.320987654320988,0.345679012345679,0.0246913580246914,0.0246913580246914,0.0123456790123457,0.271604938271605,2021-03-12 19:00:00
26,21,0,1,0,8,0.464285714285714,0.375,0,0.0178571428571429,0,0.142857142857143,2021-03-12 20:00:00
19,28,2,2,1,9,0.311475409836066,0.459016393442623,0.0327868852459016,0.0327868852459016,0.0163934426229508,0.147540983606557,2021-03-12 21:00:00
30,26,2,2,0,12,0.416666666666667,0.361111111111111,0.0277777777777778,0.0277777777777778,0,0.166666666666667,2021-03-12 22:00:00
26,32,2,1,1,18,0.325,0.4,0.025,0.0125,0.0125,0.225,2021-03-12 23:00:00
10,8,0,1,0,6,0.4,0.32,0,0.04,0,0.24,2021-03-13 00:00:00
20,13,3,0,0,6,0.476190476190476,0.30952380952381,0.0714285714285714,0,0,0.142857142857143,2021-03-13 01:00:00
8,11,0,0,0,5,0.333333333333333,0.458333333333333,0,0,0,0.208333333333333,2021-03-13 02:00:00
17,19,0,1,0,15,0.326923076923077,0.365384615384615,0,0.0192307692307692,0,0.288461538461538,2021-03-13 03:00:00
12,18,3,0,0,10,0.27906976744186,0.418604651162791,0.0697674418604651,0,0,0.232558139534884,2021-03-13 04:00:00
26,20,1,2,0,9,0.448275862068966,0.344827586206897,0.0172413793103448,0.0344827586206897,0,0.155172413793103,2021-03-13 05:00:00
16,16,1,0,0,9,0.380952380952381,0.380952380952381,0.0238095238095238,0,0,0.214285714285714,2021-03-13 06:00:00
7,7,2,0,0,6,0.318181818181818,0.318181818181818,0.0909090909090909,0,0,0.272727272727273,2021-03-13 07:00:00
8,4,2,0,0,6,0.4,0.2,0.1,0,0,0.3,2021-03-13 08:00:00
8,3,0,0,0,3,0.571428571428571,0.214285714285714,0,0,0,0.214285714285714,2021-03-13 09:00:00
3,1,0,0,0,0,0.75,0.25,0,0,0,0,2021-03-13 10:00:00
2,0,0,0,0,1,0.666666666666667,0,0,0,0,0.333333333333333,2021-03-13 11:00:00
0,7,0,0,0,2,0,0.777777777777778,0,0,0,0.222222222222222,2021-03-13 12:00:00
8,13,1,0,0,6,0.285714285714286,0.464285714285714,0.0357142857142857,0,0,0.214285714285714,2021-03-13 13:00:00
11,13,0,1,0,7,0.34375,0.40625,0,0.03125,0,0.21875,2021-03-13 14:00:00
15,8,7,0,0,5,0.428571428571429,0.228571428571429,0.2,0,0,0.142857142857143,2021-03-13 15:00:00
13,11,0,0,0,6,0.433333333333333,0.366666666666667,0,0,0,0.2,2021-03-13 16:00:00
13,16,6,1,0,14,0.26,0.32,0.12,0.02,0,0.28,2021-03-13 17:00:00
13,21,2,1,0,20,0.228070175438596,0.368421052631579,0.0350877192982456,0.0175438596491228,0,0.350877192982456,2021-03-13 18:00:00
13,22,2,3,0,8,0.270833333333333,0.458333333333333,0.0416666666666667,0.0625,0,0.166666666666667,2021-03-13 19:00:00
3,3,0,1,0,14,0.142857142857143,0.142857142857143,0,0.0476190476190476,0,0.666666666666667,2021-03-13 20:00:00
15,22,2,1,0,15,0.272727272727273,0.4,0.0363636363636364,0.0181818181818182,0,0.272727272727273,2021-03-13 21:00:00
20,27,0,1,0,21,0.289855072463768,0.391304347826087,0,0.0144927536231884,0,0.304347826086957,2021-03-13 22:00:00
30,34,13,2,0,31,0.272727272727273,0.309090909090909,0.118181818181818,0.0181818181818182,0,0.281818181818182,2021-03-13 23:00:00
13,15,0,0,0,1,0.448275862068966,0.517241379310345,0,0,0,0.0344827586206897,2021-03-14 00:00:00
9,7,2,1,0,5,0.375,0.291666666666667,0.0833333333333333,0.0416666666666667,0,0.208333333333333,2021-03-14 01:00:00
19,18,1,0,0,15,0.358490566037736,0.339622641509434,0.0188679245283019,0,0,0.283018867924528,2021-03-14 02:00:00
3,4,0,0,0,2,0.333333333333333,0.444444444444444,0,0,0,0.222222222222222,2021-03-14 03:00:00
6,6,1,0,0,2,0.4,0.4,0.0666666666666667,0,0,0.133333333333333,2021-03-14 04:00:00
10,16,0,0,0,9,0.285714285714286,0.457142857142857,0,0,0,0.257142857142857,2021-03-14 05:00:00
9,9,0,0,0,3,0.428571428571429,0.428571428571429,0,0,0,0.142857142857143,2021-03-14 06:00:00
5,7,0,1,0,5,0.277777777777778,0.388888888888889,0,0.0555555555555556,0,0.277777777777778,2021-03-14 07:00:00
0,8,0,2,0,3,0,0.615384615384615,0,0.153846153846154,0,0.230769230769231,2021-03-14 08:00:00
5,5,0,1,0,4,0.333333333333333,0.333333333333333,0,0.0666666666666667,0,0.266666666666667,2021-03-14 09:00:00
2,5,1,0,0,3,0.181818181818182,0.454545454545455,0.0909090909090909,0,0,0.272727272727273,2021-03-14 10:00:00
1,3,0,0,0,1,0.2,0.6,0,0,0,0.2,2021-03-14 11:00:00
5,1,0,0,0,0,0.833333333333333,0.166666666666667,0,0,0,0,2021-03-14 12:00:00
4,5,1,2,1,3,0.25,0.3125,0.0625,0.125,0.0625,0.1875,2021-03-14 13:00:00
16,18,2,1,0,8,0.355555555555556,0.4,0.0444444444444444,0.0222222222222222,0,0.177777777777778,2021-03-14 14:00:00
7,9,1,0,0,11,0.25,0.321428571428571,0.0357142857142857,0,0,0.392857142857143,2021-03-14 15:00:00
10,11,2,1,0,11,0.285714285714286,0.314285714285714,0.0571428571428571,0.0285714285714286,0,0.314285714285714,2021-03-14 16:00:00
22,11,0,2,0,16,0.431372549019608,0.215686274509804,0,0.0392156862745098,0,0.313725490196078,2021-03-14 17:00:00
16,22,1,3,0,21,0.253968253968254,0.349206349206349,0.0158730158730159,0.0476190476190476,0,0.333333333333333,2021-03-14 18:00:00
7,10,0,2,0,11,0.233333333333333,0.333333333333333,0,0.0666666666666667,0,0.366666666666667,2021-03-14 19:00:00
20,14,1,2,1,13,0.392156862745098,0.274509803921569,0.0196078431372549,0.0392156862745098,0.0196078431372549,0.254901960784314,2021-03-14 20:00:00
17,17,3,1,0,11,0.346938775510204,0.346938775510204,0.0612244897959184,0.0204081632653061,0,0.224489795918367,2021-03-14 21:00:00
11,10,0,0,0,7,0.392857142857143,0.357142857142857,0,0,0,0.25,2021-03-14 22:00:00
11,21,2,2,0,10,0.239130434782609,0.456521739130435,0.0434782608695652,0.0434782608695652,0,0.217391304347826,2021-03-14 23:00:00
14,19,2,1,1,11,0.291666666666667,0.395833333333333,0.0416666666666667,0.0208333333333333,0.0208333333333333,0.229166666666667,2021-03-15 00:00:00
23,27,4,6,1,12,0.315068493150685,0.36986301369863,0.0547945205479452,0.0821917808219178,0.0136986301369863,0.164383561643836,2021-03-15 01:00:00
32,29,4,2,1,18,0.372093023255814,0.337209302325581,0.0465116279069767,0.0232558139534884,0.0116279069767442,0.209302325581395,2021-03-15 02:00:00
4,8,0,0,0,2,0.285714285714286,0.571428571428571,0,0,0,0.142857142857143,2021-03-15 03:00:00
5,10,1,0,0,6,0.227272727272727,0.454545454545455,0.0454545454545455,0,0,0.272727272727273,2021-03-15 04:00:00
9,11,0,0,0,13,0.272727272727273,0.333333333333333,0,0,0,0.393939393939394,2021-03-15 05:00:00
44,28,2,1,0,23,0.448979591836735,0.285714285714286,0.0204081632653061,0.0102040816326531,0,0.23469387755102,2021-03-15 06:00:00
12,18,2,0,0,8,0.3,0.45,0.05,0,0,0.2,2021-03-15 07:00:00
6,1,1,0,0,5,0.461538461538462,0.0769230769230769,0.0769230769230769,0,0,0.384615384615385,2021-03-15 08:00:00
9,9,2,0,0,7,0.333333333333333,0.333333333333333,0.0740740740740741,0,0,0.259259259259259,2021-03-15 09:00:00
7,11,0,0,0,2,0.35,0.55,0,0,0,0.1,2021-03-15 10:00:00
8,7,0,0,0,4,0.421052631578947,0.368421052631579,0,0,0,0.210526315789474,2021-03-15 11:00:00
19,12,1,1,0,14,0.404255319148936,0.25531914893617,0.0212765957446809,0.0212765957446809,0,0.297872340425532,2021-03-15 12:00:00
25,32,1,2,0,20,0.3125,0.4,0.0125,0.025,0,0.25,2021-03-15 13:00:00
66,81,4,4,0,36,0.345549738219895,0.424083769633508,0.0209424083769634,0.0209424083769634,0,0.18848167539267,2021-03-15 14:00:00
126,154,8,8,1,72,0.341463414634146,0.417344173441734,0.021680216802168,0.021680216802168,0.002710027100271,0.195121951219512,2021-03-15 15:00:00
165,220,16,6,3,120,0.311320754716981,0.415094339622642,0.030188679245283,0.0113207547169811,0.00566037735849057,0.226415094339623,2021-03-15 16:00:00
93,111,5,2,3,49,0.35361216730038,0.422053231939163,0.0190114068441065,0.00760456273764259,0.0114068441064639,0.186311787072243,2021-03-15 17:00:00
148,166,3,2,0,66,0.384415584415584,0.431168831168831,0.00779220779220779,0.00519480519480519,0,0.171428571428571,2021-03-15 18:00:00
92,111,6,1,2,49,0.352490421455939,0.425287356321839,0.0229885057471264,0.00383141762452107,0.00766283524904215,0.187739463601533,2021-03-15 19:00:00
93,97,3,2,0,68,0.35361216730038,0.368821292775665,0.0114068441064639,0.00760456273764259,0,0.258555133079848,2021-03-15 20:00:00
103,100,2,6,1,70,0.365248226950355,0.354609929078014,0.00709219858156028,0.0212765957446809,0.00354609929078014,0.24822695035461,2021-03-15 21:00:00
40,45,6,2,0,28,0.330578512396694,0.371900826446281,0.0495867768595041,0.0165289256198347,0,0.231404958677686,2021-03-15 22:00:00
52,42,0,1,0,25,0.433333333333333,0.35,0,0.00833333333333333,0,0.208333333333333,2021-03-15 23:00:00
33,23,0,2,0,15,0.452054794520548,0.315068493150685,0,0.0273972602739726,0,0.205479452054795,2021-03-16 00:00:00
24,54,1,0,0,23,0.235294117647059,0.529411764705882,0.00980392156862745,0,0,0.225490196078431,2021-03-16 01:00:00
43,37,2,3,0,26,0.387387387387387,0.333333333333333,0.018018018018018,0.027027027027027,0,0.234234234234234,2021-03-16 02:00:00
56,66,1,1,0,31,0.361290322580645,0.425806451612903,0.00645161290322581,0.00645161290322581,0,0.2,2021-03-16 03:00:00
34,35,3,3,0,22,0.350515463917526,0.360824742268041,0.0309278350515464,0.0309278350515464,0,0.22680412371134,2021-03-16 04:00:00
12,16,0,0,0,7,0.342857142857143,0.457142857142857,0,0,0,0.2,2021-03-16 05:00:00
22,21,0,0,0,11,0.407407407407407,0.388888888888889,0,0,0,0.203703703703704,2021-03-16 06:00:00
4,8,1,2,1,4,0.2,0.4,0.05,0.1,0.05,0.2,2021-03-16 07:00:00
8,14,0,1,0,7,0.266666666666667,0.466666666666667,0,0.0333333333333333,0,0.233333333333333,2021-03-16 08:00:00
7,14,0,1,0,7,0.241379310344828,0.482758620689655,0,0.0344827586206897,0,0.241379310344828,2021-03-16 09:00:00
28,9,0,0,0,12,0.571428571428571,0.183673469387755,0,0,0,0.244897959183673,2021-03-16 10:00:00
20,23,1,0,0,10,0.37037037037037,0.425925925925926,0.0185185185185185,0,0,0.185185185185185,2021-03-16 11:00:00
43,42,3,4,0,38,0.330769230769231,0.323076923076923,0.0230769230769231,0.0307692307692308,0,0.292307692307692,2021-03-16 12:00:00
54,43,8,2,2,26,0.4,0.318518518518519,0.0592592592592593,0.0148148148148148,0.0148148148148148,0.192592592592593,2021-03-16 13:00:00
40,45,1,1,1,16,0.384615384615385,0.432692307692308,0.00961538461538462,0.00961538461538462,0.00961538461538462,0.153846153846154,2021-03-16 14:00:00
28,65,0,0,0,26,0.235294117647059,0.546218487394958,0,0,0,0.218487394957983,2021-03-16 15:00:00
37,32,3,0,0,6,0.474358974358974,0.41025641025641,0.0384615384615385,0,0,0.0769230769230769,2021-03-16 16:00:00
31,51,6,1,0,25,0.271929824561404,0.447368421052632,0.0526315789473684,0.0087719298245614,0,0.219298245614035,2021-03-16 17:00:00
30,29,5,2,1,18,0.352941176470588,0.341176470588235,0.0588235294117647,0.0235294117647059,0.0117647058823529,0.211764705882353,2021-03-16 18:00:00
24,27,5,0,0,16,0.333333333333333,0.375,0.0694444444444444,0,0,0.222222222222222,2021-03-16 19:00:00
15,19,1,1,0,11,0.319148936170213,0.404255319148936,0.0212765957446809,0.0212765957446809,0,0.234042553191489,2021-03-16 20:00:00
29,26,2,2,0,18,0.376623376623377,0.337662337662338,0.025974025974026,0.025974025974026,0,0.233766233766234,2021-03-16 21:00:00
13,24,0,0,0,6,0.302325581395349,0.558139534883721,0,0,0,0.13953488372093,2021-03-16 22:00:00
13,23,0,1,0,8,0.288888888888889,0.511111111111111,0,0.0222222222222222,0,0.177777777777778,2021-03-16 23:00:00
24,17,1,2,0,15,0.406779661016949,0.288135593220339,0.0169491525423729,0.0338983050847458,0,0.254237288135593,2021-03-17 00:00:00
23,22,1,4,0,19,0.333333333333333,0.318840579710145,0.0144927536231884,0.0579710144927536,0,0.27536231884058,2021-03-17 01:00:00
13,19,3,2,0,12,0.26530612244898,0.387755102040816,0.0612244897959184,0.0408163265306122,0,0.244897959183673,2021-03-17 02:00:00
7,4,0,0,0,4,0.466666666666667,0.266666666666667,0,0,0,0.266666666666667,2021-03-17 03:00:00
6,7,2,0,0,9,0.25,0.291666666666667,0.0833333333333333,0,0,0.375,2021-03-17 04:00:00
25,24,2,2,0,26,0.316455696202532,0.30379746835443,0.0253164556962025,0.0253164556962025,0,0.329113924050633,2021-03-17 05:00:00
20,16,1,2,0,15,0.37037037037037,0.296296296296296,0.0185185185185185,0.037037037037037,0,0.277777777777778,2021-03-17 06:00:00
7,10,1,1,0,2,0.333333333333333,0.476190476190476,0.0476190476190476,0.0476190476190476,0,0.0952380952380952,2021-03-17 07:00:00
12,6,0,0,0,2,0.6,0.3,0,0,0,0.1,2021-03-17 08:00:00
8,6,1,0,0,4,0.421052631578947,0.315789473684211,0.0526315789473684,0,0,0.210526315789474,2021-03-17 09:00:00
3,3,0,0,0,1,0.428571428571429,0.428571428571429,0,0,0,0.142857142857143,2021-03-17 10:00:00
17,16,0,0,0,18,0.333333333333333,0.313725490196078,0,0,0,0.352941176470588,2021-03-17 11:00:00
11,18,0,1,0,14,0.25,0.409090909090909,0,0.0227272727272727,0,0.318181818181818,2021-03-17 12:00:00
18,23,1,1,0,13,0.321428571428571,0.410714285714286,0.0178571428571429,0.0178571428571429,0,0.232142857142857,2021-03-17 13:00:00
27,15,0,1,1,8,0.519230769230769,0.288461538461538,0,0.0192307692307692,0.0192307692307692,0.153846153846154,2021-03-17 14:00:00
16,16,1,1,1,11,0.347826086956522,0.347826086956522,0.0217391304347826,0.0217391304347826,0.0217391304347826,0.239130434782609,2021-03-17 15:00:00
24,28,0,0,2,26,0.3,0.35,0,0,0.025,0.325,2021-03-17 16:00:00
5,14,0,0,0,3,0.227272727272727,0.636363636363636,0,0,0,0.136363636363636,2021-03-17 17:00:00
